"Image type","Feature Class","Feature Name","Segmentation_71-79_segment_Segment_1","Segmentation_71-79_segment_Segment_2","Segmentation_71-79_segment_Segment_3","Segmentation_71-79_segment_Segment_4","Segmentation_71-79_segment_Segment_5","Segmentation_71-79_segment_Segment_6","Segmentation_71-79_segment_Segment_8","Segmentation_71-79_segment_Segment_9","Segmentation_71-79_segment_Segment_10"
"diagnostics","Versions","PyRadiomics","v3.0.1.post4+gad5b2de","v3.0.1.post4+gad5b2de","v3.0.1.post4+gad5b2de","v3.0.1.post4+gad5b2de","v3.0.1.post4+gad5b2de","v3.0.1.post4+gad5b2de","v3.0.1.post4+gad5b2de","v3.0.1.post4+gad5b2de","v3.0.1.post4+gad5b2de"
"diagnostics","Versions","Numpy","1.19.2","1.19.2","1.19.2","1.19.2","1.19.2","1.19.2","1.19.2","1.19.2","1.19.2"
"diagnostics","Versions","SimpleITK","2.0.2","2.0.2","2.0.2","2.0.2","2.0.2","2.0.2","2.0.2","2.0.2","2.0.2"
"diagnostics","Versions","PyWavelet","1.1.1","1.1.1","1.1.1","1.1.1","1.1.1","1.1.1","1.1.1","1.1.1","1.1.1"
"diagnostics","Versions","Python","3.6.7","3.6.7","3.6.7","3.6.7","3.6.7","3.6.7","3.6.7","3.6.7","3.6.7"
"diagnostics","Configuration","Settings","{'minimumROIDimensions': 2, 'minimumROISize': None, 'normalize': False, 'normalizeScale': 1, 'removeOutliers': None, 'resampledPixelSpacing': None, 'interpolator': 'sitkBSpline', 'preCrop': False, 'padDistance': 5, 'distances': [1], 'force2D': False, 'force2Ddimension': 0, 'resegmentRange': None, 'label': 1, 'additionalInfo': True, 'binWidth': 25.0, 'symmetricalGLCM': True, 'correctMask': True}","{'minimumROIDimensions': 2, 'minimumROISize': None, 'normalize': False, 'normalizeScale': 1, 'removeOutliers': None, 'resampledPixelSpacing': None, 'interpolator': 'sitkBSpline', 'preCrop': False, 'padDistance': 5, 'distances': [1], 'force2D': False, 'force2Ddimension': 0, 'resegmentRange': None, 'label': 1, 'additionalInfo': True, 'binWidth': 25.0, 'symmetricalGLCM': True, 'correctMask': True}","{'minimumROIDimensions': 2, 'minimumROISize': None, 'normalize': False, 'normalizeScale': 1, 'removeOutliers': None, 'resampledPixelSpacing': None, 'interpolator': 'sitkBSpline', 'preCrop': False, 'padDistance': 5, 'distances': [1], 'force2D': False, 'force2Ddimension': 0, 'resegmentRange': None, 'label': 1, 'additionalInfo': True, 'binWidth': 25.0, 'symmetricalGLCM': True, 'correctMask': True}","{'minimumROIDimensions': 2, 'minimumROISize': None, 'normalize': False, 'normalizeScale': 1, 'removeOutliers': None, 'resampledPixelSpacing': None, 'interpolator': 'sitkBSpline', 'preCrop': False, 'padDistance': 5, 'distances': [1], 'force2D': False, 'force2Ddimension': 0, 'resegmentRange': None, 'label': 1, 'additionalInfo': True, 'binWidth': 25.0, 'symmetricalGLCM': True, 'correctMask': True}","{'minimumROIDimensions': 2, 'minimumROISize': None, 'normalize': False, 'normalizeScale': 1, 'removeOutliers': None, 'resampledPixelSpacing': None, 'interpolator': 'sitkBSpline', 'preCrop': False, 'padDistance': 5, 'distances': [1], 'force2D': False, 'force2Ddimension': 0, 'resegmentRange': None, 'label': 1, 'additionalInfo': True, 'binWidth': 25.0, 'symmetricalGLCM': True, 'correctMask': True}","{'minimumROIDimensions': 2, 'minimumROISize': None, 'normalize': False, 'normalizeScale': 1, 'removeOutliers': None, 'resampledPixelSpacing': None, 'interpolator': 'sitkBSpline', 'preCrop': False, 'padDistance': 5, 'distances': [1], 'force2D': False, 'force2Ddimension': 0, 'resegmentRange': None, 'label': 1, 'additionalInfo': True, 'binWidth': 25.0, 'symmetricalGLCM': True, 'correctMask': True}","{'minimumROIDimensions': 2, 'minimumROISize': None, 'normalize': False, 'normalizeScale': 1, 'removeOutliers': None, 'resampledPixelSpacing': None, 'interpolator': 'sitkBSpline', 'preCrop': False, 'padDistance': 5, 'distances': [1], 'force2D': False, 'force2Ddimension': 0, 'resegmentRange': None, 'label': 1, 'additionalInfo': True, 'binWidth': 25.0, 'symmetricalGLCM': True, 'correctMask': True}","{'minimumROIDimensions': 2, 'minimumROISize': None, 'normalize': False, 'normalizeScale': 1, 'removeOutliers': None, 'resampledPixelSpacing': None, 'interpolator': 'sitkBSpline', 'preCrop': False, 'padDistance': 5, 'distances': [1], 'force2D': False, 'force2Ddimension': 0, 'resegmentRange': None, 'label': 1, 'additionalInfo': True, 'binWidth': 25.0, 'symmetricalGLCM': True, 'correctMask': True}","{'minimumROIDimensions': 2, 'minimumROISize': None, 'normalize': False, 'normalizeScale': 1, 'removeOutliers': None, 'resampledPixelSpacing': None, 'interpolator': 'sitkBSpline', 'preCrop': False, 'padDistance': 5, 'distances': [1], 'force2D': False, 'force2Ddimension': 0, 'resegmentRange': None, 'label': 1, 'additionalInfo': True, 'binWidth': 25.0, 'symmetricalGLCM': True, 'correctMask': True}"
"diagnostics","Configuration","EnabledImageTypes","{'Original': {}}","{'Original': {}}","{'Original': {}}","{'Original': {}}","{'Original': {}}","{'Original': {}}","{'Original': {}}","{'Original': {}}","{'Original': {}}"
"diagnostics","Image-original","Hash","9f378be8ea17b736ecc6ab7587622be791e8c9d1","9f378be8ea17b736ecc6ab7587622be791e8c9d1","9f378be8ea17b736ecc6ab7587622be791e8c9d1","9f378be8ea17b736ecc6ab7587622be791e8c9d1","9f378be8ea17b736ecc6ab7587622be791e8c9d1","9f378be8ea17b736ecc6ab7587622be791e8c9d1","9f378be8ea17b736ecc6ab7587622be791e8c9d1","9f378be8ea17b736ecc6ab7587622be791e8c9d1","9f378be8ea17b736ecc6ab7587622be791e8c9d1"
"diagnostics","Image-original","Dimensionality","3D","3D","3D","3D","3D","3D","3D","3D","3D"
"diagnostics","Image-original","Spacing","(0.15, 0.15, 1.0)","(0.15, 0.15, 1.0)","(0.15, 0.15, 1.0)","(0.15, 0.15, 1.0)","(0.15, 0.15, 1.0)","(0.15, 0.15, 1.0)","(0.15, 0.15, 1.0)","(0.15, 0.15, 1.0)","(0.15, 0.15, 1.0)"
"diagnostics","Image-original","Size","(1114, 1059, 1)","(1114, 1059, 1)","(1114, 1059, 1)","(1114, 1059, 1)","(1114, 1059, 1)","(1114, 1059, 1)","(1114, 1059, 1)","(1114, 1059, 1)","(1114, 1059, 1)"
"diagnostics","Image-original","Mean","110.93566641745626","110.93566641745626","110.93566641745626","110.93566641745626","110.93566641745626","110.93566641745626","110.93566641745626","110.93566641745626","110.93566641745626"
"diagnostics","Image-original","Minimum","0.0","0.0","0.0","0.0","0.0","0.0","0.0","0.0","0.0"
"diagnostics","Image-original","Maximum","255.0","255.0","255.0","255.0","255.0","255.0","255.0","255.0","255.0"
"diagnostics","Mask-original","Hash","2c10656608cbdc7401cf5635f42072db652ced90","c6550932d82a1075a3424e88566dc7ce20791881","01b2fe84f3f0dc4a0d935e3b4fe8f5e44d1d073b","ee2620799cd92b9ab91935614aa364a9d066eecc","c8f2f62e309b736b2fc3ace006997d3cddeeb7bf","6360d79dac657acad36b80dba071a448abf0c409","21be88be2ec28549159ed557c33719ee32f7f5f1","50f2c3e97456c111c0d7415b5267c2279e2d065a","61fe86a5d73b75e4d55b4de3f3685005faee298d"
"diagnostics","Mask-original","Spacing","(0.15, 0.15, 1.0)","(0.15, 0.15, 1.0)","(0.15, 0.15, 1.0)","(0.15, 0.15, 1.0)","(0.15, 0.15, 1.0)","(0.15, 0.15, 1.0)","(0.15, 0.15, 1.0)","(0.15, 0.15, 1.0)","(0.15, 0.15, 1.0)"
"diagnostics","Mask-original","Size","(1114, 1059, 1)","(1114, 1059, 1)","(1114, 1059, 1)","(1114, 1059, 1)","(1114, 1059, 1)","(1114, 1059, 1)","(1114, 1059, 1)","(1114, 1059, 1)","(1114, 1059, 1)"
"diagnostics","Mask-original","BoundingBox","(135, 142, 0, 252, 84, 1)","(101, 309, 0, 282, 70, 1)","(153, 462, 0, 235, 85, 1)","(104, 638, 0, 280, 84, 1)","(142, 824, 0, 242, 92, 1)","(703, 160, 0, 251, 84, 1)","(695, 469, 0, 257, 92, 1)","(685, 657, 0, 301, 84, 1)","(668, 832, 0, 311, 97, 1)"
"diagnostics","Mask-original","VoxelNum","20083","17691","18138","20844","20690","17888","21121","21920","26012"
"diagnostics","Mask-original","VolumeNum","1","1","1","1","1","1","1","1","1"
"diagnostics","Mask-original","CenterOfMassIndex","(261.9248120300752, 183.31857790170793, 0.0)","(240.97597648521847, 344.12560058786954, 0.0)","(267.3072554857206, 502.474363215349, 0.0)","(245.59206486279024, 677.2698618307427, 0.0)","(263.5399710004833, 869.2069115514741, 0.0)","(825.692866726297, 204.4747875670841, 0.0)","(823.7392168931395, 514.8188059277496, 0.0)","(835.1220346715329, 700.2111313868613, 0.0)","(824.369521759188, 880.1006074119637, 0.0)"
"diagnostics","Mask-original","CenterOfMass","(39.288721804511276, 27.497786685256187, 0.0)","(36.14639647278277, 51.61884008818043, 0.0)","(40.09608832285809, 75.37115448230234, 0.0)","(36.838809729418536, 101.5904792746114, 0.0)","(39.5309956500725, 130.38103673272113, 0.0)","(123.85393000894454, 30.671218135062613, 0.0)","(123.56088253397093, 77.22282088916243, 0.0)","(125.26830520072993, 105.0316697080292, 0.0)","(123.6554282638782, 132.01509111179453, 0.0)"
"original","shape","Elongation","0.3235970408150652","0.22915240413566534","0.3452730767337483","0.27094334788895325","0.3615830807998063","0.2970433474301219","0.3291649398655916","0.2439278839540197","0.2738411593029062"
"original","shape","Flatness","0.0","0.0","0.0","0.0","0.0","0.0","0.0","0.0","0.0"
"original","shape","LeastAxisLength","0.0","0.0","0.0","0.0","0.0","0.0","0.0","0.0","0.0"
"original","shape","MajorAxisLength","43.18397498228939","48.16816933215164","39.52258033702886","48.00388024112716","41.36883755247168","42.38848562427939","43.66149452762788","52.357055875494694","53.4334872889948"
"original","shape","Maximum2DDiameterColumn","37.8","42.15","35.099999999999994","41.99999999999999","36.15","37.349999999999994","38.25","44.849999999999994","46.65"
"original","shape","Maximum2DDiameterRow","12.6","9.899999999999999","12.45","11.85","13.2","11.55","12.9","11.85","13.35"
"original","shape","Maximum2DDiameterSlice","39.139653805316165","43.00842940633847","36.62028126598702","43.11371591500783","37.72880199529266","38.262056923275836","40.46137046616192","46.67917094379462","47.844121896007245"
"original","shape","Maximum3DDiameter","39.139653805316165","43.00842940633847","36.62028126598702","43.11371591500783","37.72880199529266","38.262056923275836","40.46137046616192","46.67917094379462","47.844121896007245"
"original","shape","MeshVolume","448.19250000025363","394.2206250002063","404.72812500020837","465.0731250002735","461.9175000002727","398.98500000017884","471.5137500002763","489.01875000027445","580.9031250003915"
"original","shape","MinorAxisLength","13.974206514900654","11.037851805276375","13.646082913422697","13.006332024191366","14.958271731329427","12.591217662329552","14.371833220628487","12.771345849771796","14.632288104815439"
"original","shape","Sphericity","0.28602183498520084","0.2934161292431167","0.29514398440902484","0.28191594634010136","0.28449994517595484","0.2951354494088675","0.28218696568343704","0.27665579072124163","0.2643068490386623"
"original","shape","SurfaceArea","990.2115608833249","886.1210137640938","896.5182029812208","1029.7030006142256","1015.729848219215","888.0425871834276","1038.1897801755883","1084.995741677852","1273.8301261979084"
"original","shape","SurfaceVolumeRatio","2.2093443350407793","2.2477794350907696","2.2151121891535444","2.214066875211549","2.1989421232549433","2.225754319543415","2.2018229164578553","2.218720124079584","2.1928443338931083"
"original","shape","VoxelVolume","451.8675","398.0475","408.10499999999996","468.99","465.525","402.47999999999996","475.22249999999997","493.2","585.27"
"original","firstorder","10Percentile","203.0","181.0","191.0","182.0","197.0","203.0","198.0","173.0","182.0"
"original","firstorder","90Percentile","231.0","204.0","218.0","209.0","223.0","223.0","231.0","199.0","213.0"
"original","firstorder","Energy","972960335.0","645929675.0","761064165.0","797606167.0","930404415.0","812024835.0","985674308.0","760596026.0","1008300300.0"
"original","firstorder","Entropy","1.344720375978183","0.8085511289691216","1.0511217209132941","0.9812705040353846","0.9470828643055182","0.7228368105460525","1.2582077145844277","0.9780053194350125","1.1037051280573953"
"original","firstorder","InterquartileRange","9.0","11.0","15.0","16.0","10.0","10.0","12.0","14.0","15.0"
"original","firstorder","Kurtosis","6.431545182034197","3.5857063229632713","3.3884355838490356","2.5399871083867676","5.093354493301048","6.889326301118737","4.452305622720366","2.599362056215213","3.041463970301498"
"original","firstorder","Maximum","249.0","227.0","233.0","229.0","239.0","241.0","255.0","221.0","243.0"
"original","firstorder","MeanAbsoluteDeviation","8.304943829321534","7.045337955249665","8.588776961076922","8.364736115212638","7.831992236894328","6.649702808180739","9.375398336612895","8.183747802227078","9.363461898575112"
"original","firstorder","Mean","219.76771398695413","190.86976428692554","204.55127356930203","195.3527633851468","211.77220879652006","212.84319096601072","215.63997916765305","186.01076642335767","196.53037059818544"
"original","firstorder","Median","223.0","190.0","205.0","195.0","214.0","214.0","217.0","186.0","195.0"
"original","firstorder","Minimum","159.0","155.0","159.0","170.0","165.0","165.0","164.0","149.0","165.0"
"original","firstorder","Range","90.0","72.0","74.0","59.0","74.0","76.0","91.0","72.0","78.0"
"original","firstorder","RobustMeanAbsoluteDeviation","4.41228967131597","5.111043037339198","6.124413592984238","6.373908128993986","4.4934109624076655","4.039907635700455","5.708131510833291","6.170790197367012","6.663951422474223"
"original","firstorder","RootMeanSquared","220.1067056186342","191.08052565031102","204.84055222519925","195.6157050901387","212.0584760037804","213.0609027704426","216.02771900835688","186.27593460742216","196.88293528013287"
"original","firstorder","Skewness","-1.7428226636137845","0.42432157481299954","-0.49225490938643085","0.22687597003285329","-1.2664613000290466","-1.499942102623778","-0.923484797297224","0.0009255436891654071","0.5470454123354966"
"original","firstorder","TotalEnergy","21891607.537499998","14533417.6875","17123943.7125","17946138.7575","20934099.3375","18270558.787499998","22177671.93","17113410.585","22686756.75"
"original","firstorder","Uniformity","0.43890679701248486","0.6816775519556045","0.556242275607668","0.5391164191406653","0.6632368263493337","0.7621438695972717","0.5161305821175193","0.6313268637780383","0.519284029569007"
"original","firstorder","Variance","149.11374723642587","80.50036385264124","118.42831710114396","102.8019156989549","121.32882648902849","92.72434876227973","167.3747645277607","98.71858846369015","138.70363706087318"
"original","glcm","Autocorrelation","11.183511326515195","4.76861321392945","7.572129150910001","5.718031050447067","8.983810896122286","9.032449801579066","9.889497208742775","8.89220223666936","5.8440503873572"
"original","glcm","ClusterProminence","5.86194974302259","1.6325552824040672","2.449691319037584","1.2937323658718016","3.2383260676296093","2.3181683494336465","5.455024411693315","2.70901867724003","2.8048873065558975"
"original","glcm","ClusterShade","-0.7481521603369508","0.500387588887881","-0.6949279260594243","0.48888620178190073","-0.31118881984812347","-0.2673210857682712","-0.16220901696861206","-0.11541929500942533","0.826076064234381"
"original","glcm","ClusterTendency","1.3759163641949643","0.5935909208570774","0.9042490146998654","0.8591560121883148","0.736042199589196","0.4967650323445473","1.206798706813227","0.7629731520190581","1.0189744049379297"
"original","glcm","Contrast","0.14154969282759824","0.07467337947512215","0.09968483245886403","0.0923900886358961","0.06799249479047813","0.05324857578587236","0.08118787189162263","0.09924013506157918","0.10143373417632037"
"original","glcm","Correlation","0.8125659187605174","0.7759260306253464","0.8005777722662425","0.8058234046030139","0.8293135589290016","0.8046499272040162","0.8732049003453228","0.7695197317214353","0.818772700438577"
"original","glcm","DifferenceAverage","0.14154969282759824","0.07467337947512215","0.09965678668816624","0.0923900886358961","0.06799249479047813","0.05324857578587236","0.08118787189162263","0.09924013506157918","0.10143373417632037"
"original","glcm","DifferenceEntropy","0.5850014909778317","0.3783136286019928","0.4637559064225324","0.44245310884946","0.355557285229852","0.29810929516890455","0.40374073189984205","0.4632268670824617","0.46927790020381843"
"original","glcm","DifferenceVariance","0.12098765339656203","0.06868833528629095","0.08926049021600718","0.08363659892299938","0.0631404748341298","0.05028780937765795","0.07434536800208691","0.08900031461241939","0.09065301649723667"
"original","glcm","Id","0.9292251535862008","0.9626633102624389","0.9501762809510331","0.9538049556820519","0.9660037526047609","0.9733757121070638","0.9594060640541887","0.9503799324692104","0.9492831329118399"
"original","glcm","Idm","0.9292251535862008","0.9626633102624389","0.9501744112329866","0.9538049556820519","0.9660037526047609","0.9733757121070638","0.9594060640541887","0.9503799324692104","0.9492831329118399"
"original","glcm","Idmn","0.9916735474807294","0.9956074482661693","0.9941366812513144","0.9945652889037708","0.9960004414829131","0.9968677308361251","0.9968773895426299","0.9941623449963777","0.994033309754334"
"original","glcm","Idn","0.9716900614344803","0.9850653241049757","0.98006957752139","0.9815219822728207","0.9864015010419044","0.9893502848428255","0.9864686880180629","0.9801519729876841","0.9797132531647359"
"original","glcm","Imc1","-0.5211869933840241","-0.5323498083046265","-0.5309511037405249","-0.5425651307895638","-0.6086891639234546","-0.5965046651912517","-0.6487450037403292","-0.5027973046548218","-0.5498148243805916"
"original","glcm","Imc2","0.8613364169725513","0.7496844671111776","0.812454114960007","0.8080325675361318","0.8163357262386411","0.7479130544786372","0.8907002884339388","0.7855485185192934","0.8332614394995814"
"original","glcm","InverseVariance","0.14154969282759824","0.07467337947512215","0.09963224663880568","0.0923900886358961","0.06799249479047813","0.05324857578587236","0.08118787189162263","0.09924013506157918","0.10143373417632037"
"original","glcm","JointAverage","3.2977056591469767","2.15380504918084","2.7149538901950594","2.350816544457076","2.9693038154140154","2.9868968889449965","3.0996844249386912","2.9540244819258366","2.369526601173338"
"original","glcm","JointEnergy","0.3409275297021484","0.620533920884524","0.48018666064498616","0.4579380652271544","0.6222297342162212","0.7280820835962303","0.46526552647140224","0.5546469971912686","0.4384291760957249"
"original","glcm","JointEntropy","1.9433160653512287","1.1591372988727215","1.5142061091437453","1.429649155523574","1.2655902789762892","0.9711642904351613","1.6527003562327147","1.4469845108657533","1.5819586011237976"
"original","glcm","MCC","0.8660024006691617","0.7830096460557212","0.8126604726455071","0.8103275896065526","0.8740648828635645","0.8839877890340898","0.8891268257898519","0.7714399024165086","0.8277711724603175"
"original","glcm","MaximumProbability","0.47715738635865046","0.773913460604175","0.6473088320895952","0.6012052040315446","0.7807448149016528","0.850134103304166","0.6509476658624227","0.7328198704196276","0.589852465897119"
"original","glcm","SumAverage","6.595411318293953","4.307610098361679","5.429907780390119","4.701633088914152","5.938607630828031","5.973793777889993","6.1993688498773825","5.908048963851673","4.739053202346676"
"original","glcm","SumEntropy","1.8017663725236313","1.0844639193976002","1.414374306235903","1.337259066887679","1.197597784185812","0.9179157146492899","1.5715124843410933","1.347744375804175","1.4805248669474782"
"original","glcm","SumSquares","0.3793665142556406","0.16706607508304988","0.2509834617896824","0.2378865252060527","0.20100867359491853","0.13750340203260492","0.3219966446762125","0.21555332177015932","0.2801020347785625"
"original","gldm","DependenceEntropy","3.36067356377569","2.08770749354542","2.6263108262355384","2.5658177186338484","2.0561454968292283","1.6853721537756816","2.6017902879701453","2.5611766559124787","2.7297144879733124"
"original","gldm","DependenceNonUniformity","7479.558980232037","10462.76439997739","8994.858308523542","10754.28334292842","12852.137941034316","12200.880813953489","12024.428814923536","10753.826459854015","12687.931108719053"
"original","gldm","DependenceNonUniformityNormalized","0.3724323547394332","0.5914173534552818","0.495912355746143","0.5159414384440808","0.6211763142114217","0.6820707073990099","0.5693115295167622","0.49059427280355905","0.4877722246931821"
"original","gldm","DependenceVariance","3.236300250737808","2.1160210888352475","2.535604970510632","2.454688972418258","1.9264694852153623","1.741683081831375","2.2405632415420946","2.5108602532766797","2.5106722706602085"
"original","gldm","GrayLevelNonUniformity","8814.565204401733","12059.5575716466","10089.122394971882","11237.34264056803","13722.369937167714","13633.229539355993","10901.194024904124","13838.684854014598","13507.616177149008"
"original","gldm","GrayLevelVariance","0.39851590455205177","0.17150769082375275","0.25999190715850806","0.23791904670312544","0.21672188659913505","0.1498847598684","0.34096926993001053","0.2195525117880548","0.28346027214778197"
"original","gldm","HighGrayLevelEmphasis","11.18592839715182","4.796280594652648","7.591851361781894","5.762809441565918","8.954760753987433","9.024541592128802","9.879740542587946","8.925821167883212","5.87697985545133"
"original","gldm","LargeDependenceEmphasis","63.81372304934522","70.92131592335086","68.33884662035506","69.18988677796968","71.95804736587723","73.53812611806798","70.51943563278253","68.33832116788321","68.23581423958173"
"original","gldm","LargeDependenceHighGrayLevelEmphasis","718.9267041776627","330.32462834209485","528.3912779799316","390.73891767415085","647.3591106814887","661.9034548300536","699.8455565550873","610.319799270073","393.3902045209903"
"original","gldm","LargeDependenceLowGrayLevelEmphasis","6.599065268026579","17.035393074947084","10.237953467857537","14.19114346787778","8.684093228075827","8.617629680356787","8.076269523749403","8.382323030717762","13.892558135561366"
"original","gldm","LowGrayLevelEmphasis","0.10951011635047886","0.242132691450141","0.16013189007730852","0.2032559329623233","0.12885519037645668","0.12312296573742795","0.12272847192630822","0.1257828340429846","0.20591404394552942"
"original","gldm","SmallDependenceEmphasis","0.026983810020363083","0.019449059962177342","0.021851817558762067","0.022084905491351392","0.019046736916577132","0.01862708662711258","0.02080091513613584","0.02225103607905382","0.02228979859751921"
"original","gldm","SmallDependenceHighGrayLevelEmphasis","0.29615628093305707","0.10298736374444764","0.15700251005969995","0.13260476131307694","0.16747145123377027","0.16738354929560026","0.20266970793511463","0.20363686450350618","0.13629399198112216"
"original","gldm","SmallDependenceLowGrayLevelEmphasis","0.0038012384570968684","0.004945221172098352","0.004401239871320335","0.004686851395535557","0.003706857799532625","0.003359172250153322","0.0037843403452321907","0.0030077320166277946","0.00548322917944649"
"original","glrlm","GrayLevelNonUniformity","1151.9278451051146","666.1022292179529","793.7453936171792","1025.4867190448222","501.08452253719906","384.03382268774203","598.4579263065517","916.5485545577228","1195.1880713122325"
"original","glrlm","GrayLevelNonUniformityNormalized","0.38243144267887963","0.429683902362035","0.39541774983122374","0.4736004950621601","0.3097153651260841","0.3302141126790073","0.3121393958210738","0.3766856940039707","0.4125989219915104"
"original","glrlm","GrayLevelVariance","0.5725975509041937","0.3947743070552172","0.4875876951116285","0.3059016121897743","0.7616356298242103","0.7407040800444984","0.8009497790761645","0.4974634084020521","0.44484604355673374"
"original","glrlm","HighGrayLevelRunEmphasis","10.93446432558317","5.850863634300765","6.847372568106483","6.445187512633005","8.672322160890122","9.3472841961338","9.700128037691407","8.959410590163952","6.508045085408331"
"original","glrlm","LongRunEmphasis","232.92217568965913","1094.2856812453063","433.762237893337","452.8947919266955","1076.0824139302254","1511.7670699713628","794.0848916101777","432.1681756025446","445.12853398896993"
"original","glrlm","LongRunHighGrayLevelEmphasis","2533.3402156637558","4598.211509713389","3545.620513588834","2358.665618184439","9523.27324831705","13545.428563821017","7627.527755252921","3880.576127427943","2511.7331216552666"
"original","glrlm","LongRunLowGrayLevelEmphasis","25.153498655899675","269.98466239430036","58.67479896192226","98.09510100969366","126.73864720796915","171.05064453814987","88.48923342322581","49.55284486138125","91.42580225314292"
"original","glrlm","LowGrayLevelRunEmphasis","0.13368883600589423","0.25404695934861365","0.21857739190226277","0.19429198831060424","0.20064967832735706","0.1884179611993689","0.18239806049714147","0.14278687239624702","0.22341039375545835"
"original","glrlm","RunEntropy","5.109329738113151","5.151730284311563","5.461304168130798","5.222554782191704","5.31924965773173","5.288925162381826","5.492928275492329","5.469171898800985","5.4136034055484155"
"original","glrlm","RunLengthNonUniformity","417.23877450385294","183.16428760754332","215.827730913708","258.32447099173214","179.59402846941532","135.11500596896485","208.7850961247711","271.946107044578","315.1349959757064"
"original","glrlm","RunLengthNonUniformityNormalized","0.1403696670130459","0.11592902614342397","0.10808475571994804","0.11724755101985808","0.11436680231855065","0.11844997817758812","0.11316137110350835","0.11064224068495636","0.11025779352437515"
"original","glrlm","RunPercentage","0.15210625902504607","0.08813803628963879","0.11101003418237955","0.1038548263289196","0.07893910101498308","0.06584022808586762","0.09211211590360305","0.11082344890510948","0.11161194833153928"
"original","glrlm","RunVariance","184.1489066606161","894.7205110117164","330.3424421962885","347.3674421262424","868.2038996426563","1213.3275137044998","650.5469418799652","333.0003139029845","342.55158597694435"
"original","glrlm","ShortRunEmphasis","0.3569909762135504","0.2999423232345251","0.30731214913354354","0.3250050051066451","0.2792152229716246","0.3146884663482122","0.31027664639415875","0.3021644545941705","0.30069539190135547"
"original","glrlm","ShortRunHighGrayLevelEmphasis","3.798112075158544","1.791450033181551","1.9911473403608835","2.078501158528372","2.3207554771970944","2.828892517413072","2.9798140342161807","2.7464558053817516","1.9383753754588795"
"original","glrlm","ShortRunLowGrayLevelEmphasis","0.05920556451324527","0.08621386531673605","0.0868507328072554","0.06840913735788928","0.09042553408682028","0.0915428112586604","0.08437243232406566","0.04561392823008162","0.08827850313839687"
"original","glszm","GrayLevelNonUniformity","71.93333333333334","33.54545454545455","38.05785123966942","64.52147239263803","29.41860465116279","31.20689655172414","36.21367521367522","62.18518518518518","70.02487562189054"
"original","glszm","GrayLevelNonUniformityNormalized","0.3688888888888889","0.43565525383707204","0.31452769619561505","0.39583725394256464","0.3420767982693348","0.35869996036464524","0.3095185915698736","0.3838591678097851","0.34838246578055"
"original","glszm","GrayLevelVariance","0.9158711374095989","0.6652049249451847","0.8760330578512396","0.49380857390191574","1.8512709572742023","1.7521469150482232","1.7541091387245236","0.8639308032312147","0.9291354174401624"
"original","glszm","HighGrayLevelZoneEmphasis","11.123076923076923","7.012987012987013","6.900826446280992","6.54601226993865","8.395348837209303","9.298850574712644","9.854700854700855","10.351851851851851","6.537313432835821"
"original","glszm","LargeAreaEmphasis","638707.6666666666","2623265.5194805195","1351470.0991735538","1277902.0981595092","3238392.7441860465","2789540.2298850575","1914721.7692307692","1773748.7901234569","1377441.4029850746"
"original","glszm","LargeAreaHighGrayLevelEmphasis","7526357.461538462","10676491.753246753","11668672.73553719","6376725.877300614","29059531.674418606","25048067.574712645","18144421.948717948","15926290.469135802","6533068.736318408"
"original","glszm","LargeAreaLowGrayLevelEmphasis","59488.500356125354","651320.1073232323","163977.89566115703","284338.29422290385","363518.53811369505","311892.41068007663","208582.7300213675","198959.72432270236","316043.8220011056"
"original","glszm","LowGrayLevelZoneEmphasis","0.1919871794871795","0.28454184704184704","0.2840909090909091","0.2419052488070893","0.44476744186046513","0.36645913154533843","0.359392212725546","0.14609053497942387","0.37282338308457713"
"original","glszm","SizeZoneNonUniformity","42.15897435897436","12.376623376623376","17.330578512396695","26.607361963190183","17.13953488372093","14.67816091954023","25.786324786324787","27.444444444444443","34.38308457711443"
"original","glszm","SizeZoneNonUniformityNormalized","0.21619986850756082","0.16073536852757633","0.14322792159005532","0.16323534946742443","0.19929691725256896","0.1687144933280486","0.2203959383446563","0.16941015089163236","0.17106012227420114"
"original","glszm","SmallAreaEmphasis","0.4741381526877075","0.3934813741162736","0.37386175874683175","0.4018421841571535","0.44497687975734174","0.40567672906938684","0.47486577493496807","0.41699767709083285","0.39555093944627834"
"original","glszm","SmallAreaHighGrayLevelEmphasis","5.285335520970172","2.8686085762432465","2.552907816946431","2.479736970599388","4.170449104759572","3.848249265799006","4.669959722920119","4.473384584924468","2.588505948101289"
"original","glszm","SmallAreaLowGrayLevelEmphasis","0.0913391309694908","0.09743155181624619","0.09562199655903432","0.10635763565624481","0.18252973574916567","0.14054591081713524","0.15337642856547873","0.05963368355361713","0.1360507002936646"
"original","glszm","ZoneEntropy","4.477654676295661","4.529545719412425","5.036189242803568","4.776404918880071","4.370870774639585","4.621361174986015","4.406559567318062","4.846225767836481","4.781140606907314"
"original","glszm","ZonePercentage","0.009709704725389633","0.0043524956192414225","0.006671077296284044","0.007819996161965074","0.004156597390043499","0.004863595706618962","0.0055395104398465985","0.007390510948905109","0.007727202829463324"
"original","glszm","ZoneVariance","628100.7793819855","2570478.965086861","1328999.8414042757","1261549.4941473147","3180513.3363980525","2747265.0886510764","1882133.805098985","1755440.3615302544","1360693.6951560604"
"original","ngtdm","Busyness","96.58607052535316","58.6352716122248","59.788775283428045","96.61898677722179","39.364013749676324","26.066141150479332","34.244135184282115","68.57973824211773","123.4321970926961"
"original","ngtdm","Coarseness","0.000836458526727808","0.0016001389296394922","0.0012523964011922272","0.0010549752307834664","0.0017385552260233343","0.0024289262333509706","0.0014953333276449055","0.0010301805342917579","0.0008553837348706079"
"original","ngtdm","Complexity","1.0868652338785827","0.5054330381744057","0.6468373884088972","0.6423364473034643","0.4403653888294752","0.3582857074423901","0.8619700545084176","0.6759454573323003","0.6604286666210393"
"original","ngtdm","Contrast","0.009528109624279362","0.002148199100892524","0.004374795783533763","0.003717620988904616","0.002518782777064643","0.0013900972773035279","0.0028124231864419987","0.003670880047275458","0.004831918324220215"
"original","ngtdm","Strength","0.006286268006939582","0.009288399505316361","0.006785224944641645","0.006182660949928809","0.009285825495892843","0.013095027310649857","0.013482365287514158","0.006085071672005821","0.004665911951317527"
